timestamp,hr,sdnn,rmssd
2025-11-15 00:44:48,49.0,141.42,212.13
2025-11-15 00:44:48,48.6,141.42,212.13
2025-11-15 00:44:48,48.3,141.42,212.13
2025-11-15 00:44:48,48.0,141.42,212.13
2025-11-15 00:44:48,47.7,141.42,212.13
2025-11-15 00:44:48,47.4,141.42,212.13
2025-11-15 00:44:48,47.1,141.42,212.13
2025-11-15 00:44:48,58.4,135.4,177.43
2025-11-15 00:44:48,58.1,135.4,177.43
2025-11-15 00:44:48,57.7,135.4,177.43
2025-11-15 00:44:48,57.3,135.4,177.43
2025-11-15 00:44:49,57.0,135.4,177.43
2025-11-15 00:44:49,56.6,135.4,177.43
2025-11-15 00:44:49,56.2,135.4,177.43
2025-11-15 00:44:49,55.9,129.9,182.57
2025-11-15 00:44:49,55.6,129.9,182.57
2025-11-15 00:44:49,55.2,129.9,182.57
2025-11-15 00:44:49,54.9,129.9,182.57
2025-11-15 00:44:49,54.5,129.9,182.57
2025-11-15 00:44:49,54.2,129.9,182.57
2025-11-15 00:44:49,53.9,129.9,182.57
2025-11-15 00:44:49,53.6,129.9,182.57
2025-11-15 00:44:49,53.3,129.9,182.57
2025-11-15 00:44:49,52.9,129.9,182.57
2025-11-15 00:44:49,52.6,129.9,182.57
2025-11-15 00:44:49,52.3,129.9,182.57
2025-11-15 00:44:49,52.0,129.9,182.57
2025-11-15 00:44:49,51.7,129.9,182.57
2025-11-15 00:44:49,51.4,129.9,182.57
2025-11-15 00:44:49,51.1,129.9,182.57
2025-11-15 00:44:49,50.8,129.9,182.57
2025-11-15 00:44:49,50.6,129.9,182.57
2025-11-15 00:44:49,50.3,129.9,182.57
2025-11-15 00:44:49,50.0,129.9,182.57
2025-11-15 00:44:49,59.7,129.9,182.57
2025-11-15 00:44:49,59.3,129.9,182.57
2025-11-15 00:44:49,59.0,129.9,182.57
2025-11-15 00:44:49,58.7,129.9,182.57
2025-11-15 00:44:49,58.4,129.9,182.57
2025-11-15 00:44:49,58.1,129.9,182.57
2025-11-15 00:44:49,57.8,129.9,182.57
2025-11-15 00:44:50,57.4,129.9,182.57
2025-11-15 00:44:50,57.1,129.9,182.57
2025-11-15 00:44:50,56.8,129.9,182.57
2025-11-15 00:44:50,56.5,129.9,182.57
2025-11-15 00:44:50,56.2,129.9,182.57
2025-11-15 00:44:50,56.0,129.9,182.57
2025-11-15 00:44:50,55.7,129.9,182.57
2025-11-15 00:44:50,55.4,129.9,182.57
2025-11-15 00:44:50,55.1,129.9,182.57
2025-11-15 00:44:50,54.8,129.9,182.57
2025-11-15 00:44:50,54.5,129.9,182.57
2025-11-15 00:44:50,54.3,129.9,182.57
2025-11-15 00:44:50,54.0,129.9,182.57
2025-11-15 00:44:50,53.7,129.9,182.57
2025-11-15 00:44:50,53.5,129.9,182.57
2025-11-15 00:44:50,53.2,129.9,182.57
2025-11-15 00:44:50,52.9,129.9,182.57
2025-11-15 00:44:50,52.7,129.9,182.57
2025-11-15 00:44:50,52.4,129.9,182.57
2025-11-15 00:44:50,52.2,129.9,182.57
2025-11-15 00:44:50,51.9,129.9,182.57
2025-11-15 00:44:50,51.7,129.9,182.57
2025-11-15 00:44:50,51.4,129.9,182.57
2025-11-15 00:44:50,51.2,129.9,182.57
2025-11-15 00:44:50,50.9,129.9,182.57
2025-11-15 00:44:50,59.2,129.9,182.57
2025-11-15 00:44:50,58.9,129.9,182.57
2025-11-15 00:44:50,58.6,129.9,182.57
2025-11-15 00:44:50,58.3,129.9,182.57
2025-11-15 00:44:50,58.1,129.9,182.57
2025-11-15 00:44:51,57.8,129.9,182.57
2025-11-15 00:44:51,57.5,129.9,182.57
2025-11-15 00:44:51,57.3,129.9,182.57
2025-11-15 00:44:51,57.0,129.9,182.57
2025-11-15 00:44:51,56.8,129.9,182.57
2025-11-15 00:44:51,56.5,129.9,182.57
2025-11-15 00:44:51,56.2,129.9,182.57
2025-11-15 00:44:51,56.0,129.9,182.57
2025-11-15 00:44:51,55.8,129.9,182.57
2025-11-15 00:44:51,55.5,129.9,182.57
2025-11-15 00:44:51,55.3,129.9,182.57
2025-11-15 00:44:51,55.0,129.9,182.57
2025-11-15 00:44:51,54.8,129.9,182.57
2025-11-15 00:44:51,54.5,129.9,182.57
2025-11-15 00:44:51,54.3,129.9,182.57
2025-11-15 00:44:51,54.1,129.9,182.57
2025-11-15 00:44:51,53.8,129.9,182.57
2025-11-15 00:44:51,53.6,164.9,253.86
2025-11-15 00:44:51,53.4,173.65,277.69
2025-11-15 00:44:51,53.2,184.01,303.32
2025-11-15 00:44:51,52.9,185.26,311.63
2025-11-15 00:44:51,52.7,197.83,339.28
2025-11-15 00:44:51,52.5,197.83,339.28
2025-11-15 00:44:51,52.3,199.69,338.3
2025-11-15 00:44:51,52.1,188.23,311.27
2025-11-15 00:44:51,51.9,169.6,261.62
2025-11-15 00:44:51,51.6,158.31,221.11
2025-11-15 00:44:51,51.4,158.31,221.11
2025-11-15 00:44:51,51.2,155.95,206.02
2025-11-15 00:44:51,51.0,155.95,206.02
2025-11-15 00:44:52,50.8,155.95,206.02
2025-11-15 00:44:52,50.6,158.31,221.11
2025-11-15 00:44:52,50.4,158.31,221.11
2025-11-15 00:44:52,50.2,162.92,239.91
2025-11-15 00:44:52,50.0,162.92,239.91
2025-11-15 00:44:52,49.8,169.6,261.62
2025-11-15 00:44:52,49.6,169.6,261.62
2025-11-15 00:44:52,49.4,169.6,261.62
2025-11-15 00:44:52,49.2,169.6,261.62
2025-11-15 00:44:52,49.2,162.92,239.91
2025-11-15 00:44:52,49.2,673.78,1214.54
2025-11-15 00:44:52,49.2,668.79,1203.24
2025-11-15 00:44:52,49.2,216.55,307.02
2025-11-15 00:44:52,49.2,225.27,317.4
2025-11-15 00:44:52,49.2,228.07,318.56
2025-11-15 00:44:52,49.2,228.07,318.56
2025-11-15 00:44:52,49.2,228.07,318.56
2025-11-15 00:44:52,49.2,236.95,328.58
2025-11-15 00:44:52,49.2,236.95,328.58
2025-11-15 00:44:52,49.2,673.78,1214.54
2025-11-15 00:44:52,49.2,673.78,1214.54
2025-11-15 00:44:52,49.2,673.78,1214.54
2025-11-15 00:44:52,49.2,673.78,1214.54
2025-11-15 00:44:52,49.2,673.78,1214.54
2025-11-15 00:44:52,49.2,673.78,1214.54
2025-11-15 00:44:52,49.2,673.78,1214.54
2025-11-15 00:44:52,49.2,673.78,1214.54
2025-11-15 00:44:52,49.2,673.78,1214.54
2025-11-15 00:44:52,49.2,673.78,1214.54
2025-11-15 00:44:52,49.2,673.23,1221.84
2025-11-15 00:44:53,49.2,673.23,1221.84
2025-11-15 00:44:53,49.2,678.42,1233.15
2025-11-15 00:44:53,49.2,678.42,1233.15
2025-11-15 00:44:53,49.2,678.42,1233.15
2025-11-15 00:44:53,49.2,678.42,1233.15
2025-11-15 00:44:53,49.2,678.42,1233.15
2025-11-15 00:44:53,49.2,678.42,1233.15
2025-11-15 00:44:53,49.2,715.24,1133.91
2025-11-15 00:44:53,49.2,673.23,1221.84
2025-11-15 00:44:53,49.2,673.23,1221.84
2025-11-15 00:44:53,49.2,673.23,1221.84
2025-11-15 00:44:53,49.2,673.23,1221.84
2025-11-15 00:44:53,49.2,711.96,1125.38
2025-11-15 00:44:53,49.2,711.96,1125.38
2025-11-15 00:44:53,49.2,711.96,1125.38
2025-11-15 00:44:53,49.2,711.96,1125.38
2025-11-15 00:44:53,49.2,711.96,1125.38
2025-11-15 00:44:53,49.2,711.96,1125.38
2025-11-15 00:44:53,49.2,709.73,1132.35
2025-11-15 00:44:53,49.2,715.24,1133.91
2025-11-15 00:44:53,49.2,679.86,1057.48
2025-11-15 00:44:53,49.2,715.24,1133.91
2025-11-15 00:44:53,49.2,623.54,1148.11
2025-11-15 00:44:53,49.2,673.23,1221.84
2025-11-15 00:44:53,49.2,673.23,1221.84
2025-11-15 00:44:53,49.2,673.23,1221.84
2025-11-15 00:44:53,49.2,625.5,1158.46
2025-11-15 00:44:53,49.2,626.58,1162.21
2025-11-15 00:44:53,49.2,626.58,1162.21
2025-11-15 00:44:53,49.2,626.58,1162.21
2025-11-15 00:44:54,49.2,626.58,1162.21
2025-11-15 00:44:54,49.2,666.46,1081.45
2025-11-15 00:44:54,49.2,666.13,1084.89
2025-11-15 00:44:54,49.2,666.13,1084.89
2025-11-15 00:44:54,49.2,666.13,1084.89
2025-11-15 00:44:54,49.2,666.13,1084.89
2025-11-15 00:44:54,49.2,626.58,1162.21
2025-11-15 00:44:54,49.2,625.5,1158.46
2025-11-15 00:44:54,49.2,625.5,1158.46
2025-11-15 00:44:54,49.2,626.58,1162.21
2025-11-15 00:44:54,49.2,626.58,1162.21
2025-11-15 00:44:54,49.2,626.58,1162.21
2025-11-15 00:44:54,49.2,626.58,1162.21
2025-11-15 00:44:54,49.2,626.58,1162.21
2025-11-15 00:44:54,49.2,626.58,1162.21
2025-11-15 00:44:54,49.2,626.58,1162.21
2025-11-15 00:44:54,49.2,626.58,1162.21
2025-11-15 00:44:54,49.2,626.58,1162.21
2025-11-15 00:44:54,49.2,626.58,1162.21
2025-11-15 00:44:54,49.2,626.58,1162.21
2025-11-15 00:44:54,49.2,626.58,1162.21
2025-11-15 00:44:54,49.2,626.58,1162.21
2025-11-15 00:44:54,49.2,626.58,1162.21
2025-11-15 00:44:54,49.2,626.58,1162.21
2025-11-15 00:44:54,49.2,626.58,1162.21
2025-11-15 00:44:54,49.2,626.58,1162.21
2025-11-15 00:44:54,49.2,626.58,1162.21
2025-11-15 00:44:54,49.2,626.58,1162.21
2025-11-15 00:44:54,49.2,626.58,1162.21
2025-11-15 00:44:54,49.2,626.58,1162.21
2025-11-15 00:44:55,49.2,626.58,1162.21
2025-11-15 00:44:55,49.2,626.58,1162.21
2025-11-15 00:44:55,49.2,626.58,1162.21
2025-11-15 00:44:55,49.2,626.58,1162.21
2025-11-15 00:44:55,49.2,626.58,1162.21
2025-11-15 00:44:55,49.2,626.58,1162.21
2025-11-15 00:44:55,49.2,626.58,1162.21
2025-11-15 00:44:55,49.2,586.66,1079.61
2025-11-15 00:44:55,49.2,586.66,1079.61
2025-11-15 00:44:55,49.2,586.66,1079.61
2025-11-15 00:44:55,49.2,587.23,1080.71
2025-11-15 00:44:55,49.2,587.23,1080.71
2025-11-15 00:44:55,49.2,587.23,1080.71
2025-11-15 00:44:55,49.2,587.23,1080.71
2025-11-15 00:44:55,49.2,587.23,1080.71
2025-11-15 00:44:55,49.2,587.23,1080.71
2025-11-15 00:44:55,49.2,587.23,1080.71
2025-11-15 00:44:55,49.2,587.23,1080.71
2025-11-15 00:44:55,49.2,587.23,1080.71
2025-11-15 00:44:55,49.2,587.23,1080.71
2025-11-15 00:44:55,49.2,587.23,1080.71
2025-11-15 00:44:55,49.2,587.23,1080.71
2025-11-15 00:44:55,49.2,587.23,1080.71
2025-11-15 00:44:55,49.2,587.23,1080.71
2025-11-15 00:44:55,49.2,587.23,1080.71
2025-11-15 00:44:55,49.2,587.23,1080.71
2025-11-15 00:44:55,49.2,587.23,1080.71
2025-11-15 00:44:55,49.2,587.23,1080.71
2025-11-15 00:44:55,49.2,587.23,1080.71
2025-11-15 00:44:55,49.2,587.23,1080.71
2025-11-15 00:44:56,49.2,587.23,1080.71
2025-11-15 00:44:56,49.2,587.23,1080.71
2025-11-15 00:44:56,49.2,587.23,1080.71
2025-11-15 00:44:56,49.2,587.23,1080.71
2025-11-15 00:44:56,49.2,587.23,1080.71
2025-11-15 00:44:56,49.2,587.23,1080.71
2025-11-15 00:44:56,49.2,587.23,1080.71
2025-11-15 00:44:56,49.2,587.23,1080.71
2025-11-15 00:44:56,49.2,587.23,1080.71
2025-11-15 00:44:56,49.2,559.76,1012.63
2025-11-15 00:44:56,49.2,559.76,1012.63
2025-11-15 00:44:56,49.2,559.76,1012.63
2025-11-15 00:44:56,49.2,559.76,1012.63
2025-11-15 00:44:56,49.2,559.76,1012.63
2025-11-15 00:44:56,49.2,559.76,1012.63
2025-11-15 00:44:56,49.2,558.31,1012.01
2025-11-15 00:44:56,49.2,558.31,1012.01
2025-11-15 00:44:56,49.2,559.76,1012.63
2025-11-15 00:44:56,49.2,559.76,1012.63
2025-11-15 00:44:56,49.2,559.76,1012.63
2025-11-15 00:44:56,49.2,559.76,1012.63
2025-11-15 00:44:56,49.2,559.76,1012.63
2025-11-15 00:44:56,49.2,559.76,1012.63
2025-11-15 00:44:56,49.2,559.76,1012.63
2025-11-15 00:44:56,49.2,559.76,1012.63
2025-11-15 00:44:56,49.2,559.76,1012.63
2025-11-15 00:44:56,49.2,559.76,1012.63
2025-11-15 00:44:56,49.2,559.76,1012.63
2025-11-15 00:44:56,49.2,559.76,1012.63
2025-11-15 00:44:56,49.2,559.76,1012.63
2025-11-15 00:44:57,49.2,559.76,1012.63
2025-11-15 00:44:57,49.2,559.76,1012.63
2025-11-15 00:44:57,49.2,559.76,1012.63
2025-11-15 00:44:57,49.2,559.76,1012.63
2025-11-15 00:44:57,49.2,559.76,1012.63
2025-11-15 00:44:57,49.2,559.76,1012.63
2025-11-15 00:44:57,49.2,559.76,1012.63
2025-11-15 00:44:57,49.2,559.76,1012.63
2025-11-15 00:44:57,49.2,559.76,1012.63
2025-11-15 00:44:57,49.2,559.76,1012.63
2025-11-15 00:44:57,49.2,559.76,1012.63
2025-11-15 00:44:57,49.2,559.76,1012.63
2025-11-15 00:44:57,49.2,559.76,1012.63
2025-11-15 00:44:57,49.2,559.76,1012.63
2025-11-15 00:44:57,49.2,559.76,1012.63
2025-11-15 00:44:57,49.2,559.76,1012.63
2025-11-15 00:44:57,49.2,532.54,955.3
2025-11-15 00:44:57,49.2,559.76,1012.63
2025-11-15 00:44:57,49.2,559.76,1012.63
2025-11-15 00:44:57,49.2,559.76,1012.63
2025-11-15 00:44:57,49.2,559.76,1012.63
2025-11-15 00:44:57,49.2,559.76,1012.63
2025-11-15 00:44:57,49.2,559.76,1012.63
2025-11-15 00:44:57,49.2,535.63,954.72
2025-11-15 00:44:57,49.2,535.63,954.72
2025-11-15 00:44:57,49.2,534.42,954.78
2025-11-15 00:44:57,49.2,533.39,954.97
2025-11-15 00:44:57,49.2,533.39,954.97
2025-11-15 00:44:57,49.2,533.39,954.97
2025-11-15 00:44:57,49.2,533.39,954.97
2025-11-15 00:44:58,49.2,533.39,954.97
2025-11-15 00:44:58,49.2,568.44,935.18
2025-11-15 00:44:58,49.2,572.78,937.85
2025-11-15 00:44:58,49.2,538.61,971.13
2025-11-15 00:44:58,49.2,538.61,971.13
2025-11-15 00:44:58,49.2,549.18,982.82
2025-11-15 00:44:58,49.2,551.82,985.51
2025-11-15 00:44:58,49.2,554.62,988.33
2025-11-15 00:44:58,49.2,554.62,988.33
2025-11-15 00:44:58,49.2,554.62,988.33
2025-11-15 00:44:58,49.2,551.82,985.51
2025-11-15 00:44:58,49.2,551.82,985.51
2025-11-15 00:44:58,49.2,551.82,985.51
2025-11-15 00:44:58,49.2,549.18,982.82
2025-11-15 00:44:58,49.2,538.61,971.13
2025-11-15 00:44:58,49.2,549.18,982.82
2025-11-15 00:44:58,49.2,549.18,982.82
2025-11-15 00:44:58,49.2,549.18,982.82
2025-11-15 00:44:58,49.2,549.18,982.82
2025-11-15 00:44:58,49.2,549.18,982.82
2025-11-15 00:44:58,49.2,551.82,985.51
2025-11-15 00:44:58,49.2,551.82,985.51
2025-11-15 00:44:58,49.2,551.82,985.51
2025-11-15 00:44:58,49.2,641.01,1137.98
2025-11-15 00:44:58,49.2,636.56,1133.27
2025-11-15 00:44:58,49.2,632.26,1128.67
2025-11-15 00:44:58,49.2,610.73,1109.84
2025-11-15 00:44:58,49.2,610.73,1109.84
2025-11-15 00:44:58,49.2,610.73,1109.84
2025-11-15 00:44:58,49.2,610.73,1109.84
2025-11-15 00:44:59,49.2,610.73,1109.84
2025-11-15 00:44:59,49.2,629.35,1121.51
2025-11-15 00:44:59,49.2,636.56,1133.27
2025-11-15 00:44:59,49.2,636.56,1133.27
2025-11-15 00:44:59,49.2,636.56,1133.27
2025-11-15 00:44:59,49.2,636.56,1133.27
2025-11-15 00:44:59,49.2,636.56,1133.27
2025-11-15 00:44:59,49.2,636.56,1133.27
2025-11-15 00:44:59,49.2,636.56,1133.27
2025-11-15 00:44:59,49.2,636.56,1133.27
2025-11-15 00:44:59,49.2,636.56,1133.27
2025-11-15 00:44:59,49.2,636.56,1133.27
2025-11-15 00:44:59,49.2,636.56,1133.27
2025-11-15 00:44:59,49.2,636.56,1133.27
2025-11-15 00:44:59,49.2,629.35,1121.51
2025-11-15 00:44:59,49.2,629.35,1121.51
2025-11-15 00:44:59,49.2,629.35,1121.51
2025-11-15 00:44:59,49.2,629.35,1121.51
2025-11-15 00:44:59,49.2,629.35,1121.51
2025-11-15 00:44:59,49.2,636.56,1133.27
2025-11-15 00:44:59,49.2,636.56,1133.27
2025-11-15 00:44:59,49.2,634.79,1133.21
2025-11-15 00:44:59,49.2,634.79,1133.21
2025-11-15 00:44:59,49.2,634.79,1133.21
2025-11-15 00:44:59,49.2,634.79,1133.21
2025-11-15 00:44:59,49.2,634.79,1133.21
2025-11-15 00:44:59,49.2,634.79,1133.21
2025-11-15 00:44:59,49.2,634.79,1133.21
2025-11-15 00:44:59,49.2,636.56,1133.27
2025-11-15 00:45:00,49.2,636.56,1133.27
2025-11-15 00:45:00,49.2,629.35,1121.51
2025-11-15 00:45:00,49.2,629.35,1121.51
2025-11-15 00:45:00,49.2,629.35,1121.51
2025-11-15 00:45:00,49.2,636.56,1133.27
2025-11-15 00:45:00,49.2,636.56,1133.27
2025-11-15 00:45:00,49.2,664.53,1211.45
2025-11-15 00:45:00,49.2,664.53,1211.45
2025-11-15 00:45:00,49.2,652.51,1188.24
2025-11-15 00:45:00,49.2,652.51,1188.24
2025-11-15 00:45:00,49.2,652.51,1188.24
2025-11-15 00:45:00,49.2,652.51,1188.24
2025-11-15 00:45:00,49.2,652.51,1188.24
2025-11-15 00:45:00,49.2,652.51,1188.24
2025-11-15 00:45:00,49.2,652.51,1188.24
2025-11-15 00:45:00,49.2,652.51,1188.24
2025-11-15 00:45:00,49.2,652.51,1188.24
2025-11-15 00:45:00,49.2,652.51,1188.24
2025-11-15 00:45:00,49.2,652.51,1188.24
2025-11-15 00:45:00,49.2,652.51,1188.24
2025-11-15 00:45:00,49.2,652.51,1188.24
2025-11-15 00:45:00,49.2,652.51,1188.24
2025-11-15 00:45:00,49.2,652.51,1188.24
2025-11-15 00:45:00,49.2,652.51,1188.24
2025-11-15 00:45:00,49.2,652.51,1188.24
2025-11-15 00:45:00,49.2,625.41,1111.56
2025-11-15 00:45:00,49.2,621.23,1107.24
2025-11-15 00:45:00,49.2,647.74,1183.62
2025-11-15 00:45:00,49.2,621.23,1107.24
2025-11-15 00:45:00,49.2,621.23,1107.24
2025-11-15 00:45:01,49.2,647.74,1183.62
2025-11-15 00:45:01,49.2,647.74,1183.62
2025-11-15 00:45:01,49.2,636.49,1161.21
2025-11-15 00:45:01,49.2,636.49,1161.21
2025-11-15 00:45:01,49.2,636.49,1161.21
2025-11-15 00:45:01,49.2,672.34,1096.9
2025-11-15 00:45:01,49.2,672.34,1096.9
2025-11-15 00:45:01,49.2,681.82,1117.79
2025-11-15 00:45:01,49.2,681.82,1117.79
2025-11-15 00:45:01,49.2,681.82,1117.79
2025-11-15 00:45:01,49.2,681.82,1117.79
2025-11-15 00:45:01,49.2,681.82,1117.79
2025-11-15 00:45:01,49.2,681.82,1117.79
2025-11-15 00:45:01,49.2,681.82,1117.79
2025-11-15 00:45:01,49.2,681.82,1117.79
2025-11-15 00:45:01,49.2,681.82,1117.79
2025-11-15 00:45:01,49.2,672.34,1096.9
2025-11-15 00:45:01,49.2,672.34,1096.9
2025-11-15 00:45:01,49.2,672.34,1096.9
2025-11-15 00:45:01,49.2,672.34,1096.9
2025-11-15 00:45:01,49.2,672.34,1096.9
2025-11-15 00:45:01,49.2,672.34,1096.9
2025-11-15 00:45:01,49.2,672.34,1096.9
2025-11-15 00:45:01,49.2,672.34,1096.9
2025-11-15 00:45:01,49.2,672.34,1096.9
2025-11-15 00:45:01,49.2,672.34,1096.9
2025-11-15 00:45:01,49.2,672.34,1096.9
2025-11-15 00:45:01,49.2,681.82,1117.79
2025-11-15 00:45:01,49.2,691.53,1138.9
2025-11-15 00:45:01,49.2,691.53,1138.9
2025-11-15 00:45:02,49.2,701.46,1160.22
2025-11-15 00:45:02,49.2,701.46,1160.22
2025-11-15 00:45:02,49.2,701.46,1160.22
2025-11-15 00:45:02,49.2,690.5,1132.23
2025-11-15 00:45:02,49.2,690.5,1132.23
2025-11-15 00:45:02,49.2,680.96,1111.24
2025-11-15 00:45:02,49.2,680.96,1111.24
2025-11-15 00:45:02,49.2,671.65,1090.49
2025-11-15 00:45:02,49.2,638.89,1056.78
2025-11-15 00:45:02,49.2,663.1,1076.26
2025-11-15 00:45:02,49.2,663.1,1076.26
2025-11-15 00:45:02,49.2,663.1,1076.26
2025-11-15 00:45:02,49.2,663.78,1082.63
2025-11-15 00:45:02,49.2,990.22,1290.93
2025-11-15 00:45:02,49.2,742.87,1261.94
2025-11-15 00:45:02,49.2,742.87,1261.94
2025-11-15 00:45:02,49.2,754.25,1284.47
2025-11-15 00:45:02,49.2,754.25,1284.47
2025-11-15 00:45:02,49.2,754.25,1284.47
2025-11-15 00:45:02,49.2,775.66,1052.51
2025-11-15 00:45:02,49.2,766.3,1042.13
2025-11-15 00:45:02,49.2,723.41,1008.71
2025-11-15 00:45:02,49.2,714.71,999.37
2025-11-15 00:45:02,49.2,714.71,999.37
2025-11-15 00:45:02,49.2,706.06,990.09
2025-11-15 00:45:02,49.2,697.46,980.86
2025-11-15 00:45:02,49.2,409.46,645.93
2025-11-15 00:45:02,49.2,426.22,652.22
2025-11-15 00:45:02,49.2,426.22,652.22
2025-11-15 00:45:02,49.2,426.22,652.22
2025-11-15 00:45:03,49.2,426.22,652.22
2025-11-15 00:45:03,49.2,424.92,654.9
2025-11-15 00:45:03,49.2,424.92,654.9
2025-11-15 00:45:03,49.2,424.92,654.9
2025-11-15 00:45:03,49.2,424.92,654.9
2025-11-15 00:45:03,49.2,424.92,654.9
2025-11-15 00:45:03,49.2,424.92,654.9
2025-11-15 00:45:03,49.2,598.92,725.62
2025-11-15 00:45:03,49.2,424.92,654.9
2025-11-15 00:45:03,49.2,424.92,654.9
2025-11-15 00:45:03,49.2,424.92,654.9
2025-11-15 00:45:03,49.2,424.92,654.9
2025-11-15 00:45:03,49.2,424.92,654.9
2025-11-15 00:45:03,49.2,424.92,654.9
2025-11-15 00:45:03,49.2,424.92,654.9
2025-11-15 00:45:03,49.2,424.92,654.9
2025-11-15 00:45:03,49.2,424.92,654.9
2025-11-15 00:45:03,49.2,424.92,654.9
2025-11-15 00:45:03,49.2,758.65,866.51
2025-11-15 00:45:03,49.2,758.65,866.51
2025-11-15 00:45:03,49.2,758.65,866.51
2025-11-15 00:45:03,49.2,758.65,866.51
2025-11-15 00:45:03,49.2,758.65,866.51
2025-11-15 00:45:03,49.2,758.65,866.51
2025-11-15 00:45:03,49.2,758.65,866.51
2025-11-15 00:45:03,49.2,758.65,866.51
2025-11-15 00:45:03,49.2,758.65,866.51
2025-11-15 00:45:03,49.2,758.65,866.51
2025-11-15 00:45:03,49.2,758.65,866.51
2025-11-15 00:45:03,49.2,758.65,866.51
2025-11-15 00:45:04,49.2,758.65,866.51
2025-11-15 00:45:04,49.2,758.65,866.51
2025-11-15 00:45:04,49.2,758.65,866.51
2025-11-15 00:45:04,49.2,758.65,866.51
2025-11-15 00:45:04,49.2,758.65,866.51
2025-11-15 00:45:04,49.2,758.65,866.51
2025-11-15 00:45:04,49.2,758.65,866.51
2025-11-15 00:45:04,49.2,758.65,866.51
2025-11-15 00:45:04,49.2,758.65,866.51
2025-11-15 00:45:04,49.2,758.65,866.51
2025-11-15 00:45:04,49.2,758.65,866.51
2025-11-15 00:45:04,49.2,725.75,1083.09
2025-11-15 00:45:04,49.2,725.75,1083.09
2025-11-15 00:45:04,49.2,758.65,866.51
2025-11-15 00:45:04,49.2,758.65,866.51
2025-11-15 00:45:04,49.2,758.65,866.51
2025-11-15 00:45:04,49.2,742.71,1151.22
2025-11-15 00:45:04,49.2,742.71,1151.22
2025-11-15 00:45:04,49.2,742.71,1151.22
2025-11-15 00:45:04,49.2,742.71,1151.22
2025-11-15 00:45:04,49.2,728.59,1097.81
2025-11-15 00:45:04,49.2,728.59,1097.81
2025-11-15 00:45:04,49.2,728.59,1097.81
2025-11-15 00:45:04,49.2,728.59,1097.81
2025-11-15 00:45:04,49.2,737.65,1049.87
2025-11-15 00:45:04,49.2,719.92,1007.07
2025-11-15 00:45:04,49.2,719.92,1007.07
2025-11-15 00:45:04,49.2,719.92,1007.07
2025-11-15 00:45:04,49.2,719.92,1007.07
2025-11-15 00:45:04,49.2,758.65,866.51
2025-11-15 00:45:05,49.2,758.65,866.51
2025-11-15 00:45:05,49.2,758.65,866.51
2025-11-15 00:45:05,49.2,758.65,866.51
2025-11-15 00:45:05,49.2,719.92,1007.07
2025-11-15 00:45:05,49.2,727.73,1092.19
2025-11-15 00:45:05,49.2,737.65,1049.87
2025-11-15 00:45:05,49.2,737.65,1049.87
2025-11-15 00:45:05,49.2,737.65,1049.87
2025-11-15 00:45:05,49.2,719.92,1007.07
2025-11-15 00:45:05,49.2,708.16,1105.09
2025-11-15 00:45:05,49.2,718.19,1041.8
2025-11-15 00:45:05,49.2,718.19,1041.8
2025-11-15 00:45:05,49.2,718.19,1041.8
2025-11-15 00:45:05,49.2,717.94,1041.56
2025-11-15 00:45:05,49.2,718.19,1041.8
2025-11-15 00:45:05,49.2,718.19,1041.8
2025-11-15 00:45:05,49.2,718.19,1041.8
2025-11-15 00:45:05,49.2,720.48,1042.14
2025-11-15 00:45:05,49.2,720.48,1042.14
2025-11-15 00:45:05,49.2,720.48,1042.14
2025-11-15 00:45:05,49.2,708.29,1103.53
2025-11-15 00:45:05,49.2,708.29,1103.53
2025-11-15 00:45:05,49.2,708.29,1103.53
2025-11-15 00:45:05,49.2,708.29,1103.53
2025-11-15 00:45:05,49.2,708.29,1103.53
2025-11-15 00:45:05,49.2,708.29,1103.53
2025-11-15 00:45:05,49.2,708.29,1103.53
2025-11-15 00:45:05,49.2,720.48,1042.14
2025-11-15 00:45:05,49.2,720.59,1090.72
2025-11-15 00:45:05,49.2,720.59,1090.72
2025-11-15 00:45:06,49.2,700.26,1058.3
2025-11-15 00:45:06,49.2,700.26,1058.3
2025-11-15 00:45:06,49.2,700.26,1058.3
2025-11-15 00:45:06,49.2,700.26,1058.3
2025-11-15 00:45:06,49.2,720.48,1042.14
2025-11-15 00:45:06,49.2,720.48,1042.14
2025-11-15 00:45:06,49.2,720.48,1042.14
2025-11-15 00:45:06,70.3,723.43,1044.95
2025-11-15 00:45:06,70.3,723.43,1044.95
2025-11-15 00:45:06,70.3,723.43,1044.95
2025-11-15 00:45:06,42.2,723.43,1044.95
2025-11-15 00:45:06,42.2,727.61,1051.74
2025-11-15 00:45:06,42.2,681.08,938.23
2025-11-15 00:45:06,42.2,662.87,1079.02
2025-11-15 00:45:06,42.2,662.87,1079.02
2025-11-15 00:45:06,42.2,662.87,1079.02
2025-11-15 00:45:06,42.2,687.68,1117.12
2025-11-15 00:45:06,70.3,691.93,1140.97
2025-11-15 00:45:06,70.3,684.44,1114.59
2025-11-15 00:45:06,70.3,684.44,1114.59
2025-11-15 00:45:06,70.3,684.44,1114.59
2025-11-15 00:45:06,70.3,659.75,1076.6
2025-11-15 00:45:06,70.3,659.75,1076.6
2025-11-15 00:45:06,70.3,659.75,1076.6
2025-11-15 00:45:06,70.3,659.75,1076.6
2025-11-15 00:45:06,70.3,659.75,1076.6
2025-11-15 00:45:06,70.3,659.75,1076.6
2025-11-15 00:45:06,70.3,659.75,1076.6
2025-11-15 00:45:06,70.3,659.75,1076.6
2025-11-15 00:45:06,70.3,661.82,1078.46
2025-11-15 00:45:07,70.3,661.82,1078.46
2025-11-15 00:45:07,70.3,665.44,1098.48
2025-11-15 00:45:07,70.3,665.44,1098.48
2025-11-15 00:45:07,70.3,665.44,1098.48
2025-11-15 00:45:07,70.3,665.44,1098.48
2025-11-15 00:45:07,70.3,665.44,1098.48
2025-11-15 00:45:07,70.3,665.44,1098.48
2025-11-15 00:45:07,70.3,665.44,1098.48
2025-11-15 00:45:07,70.3,665.44,1098.48
2025-11-15 00:45:07,70.3,665.44,1098.48
2025-11-15 00:45:07,70.3,666.13,1098.36
2025-11-15 00:45:07,70.3,667.87,1098.36
2025-11-15 00:45:07,70.3,666.94,1098.32
2025-11-15 00:45:07,70.3,666.13,1098.36
2025-11-15 00:45:07,70.3,690.86,1147.15
2025-11-15 00:45:07,70.3,690.86,1147.15
2025-11-15 00:45:07,70.3,690.86,1147.15
2025-11-15 00:45:07,70.3,690.86,1147.15
2025-11-15 00:45:07,70.3,690.86,1147.15
2025-11-15 00:45:07,70.3,691.9,1147.55
2025-11-15 00:45:07,70.3,691.9,1147.55
2025-11-15 00:45:07,70.3,690.86,1147.15
2025-11-15 00:45:07,70.3,665.38,1100.21
2025-11-15 00:45:07,70.3,665.38,1100.21
2025-11-15 00:45:07,70.3,665.38,1100.21
2025-11-15 00:45:07,70.3,665.38,1100.21
2025-11-15 00:45:07,70.3,691.9,1147.55
2025-11-15 00:45:07,70.3,691.9,1147.55
2025-11-15 00:45:07,70.3,690.86,1147.15
2025-11-15 00:45:07,70.3,690.86,1147.15
2025-11-15 00:45:08,70.3,690.86,1147.15
2025-11-15 00:45:08,70.3,690.86,1147.15
2025-11-15 00:45:08,70.3,690.86,1147.15
2025-11-15 00:45:08,70.3,690.86,1147.15
2025-11-15 00:45:08,70.3,690.86,1147.15
2025-11-15 00:45:08,70.3,690.86,1147.15
2025-11-15 00:45:08,70.3,690.86,1147.15
2025-11-15 00:45:08,70.3,690.86,1147.15
2025-11-15 00:45:08,70.3,691.9,1147.55
2025-11-15 00:45:08,70.3,691.9,1147.55
2025-11-15 00:45:08,70.3,690.86,1147.15
2025-11-15 00:45:08,70.3,691.9,1147.55
2025-11-15 00:45:08,70.3,690.86,1147.15
2025-11-15 00:45:08,70.3,690.86,1147.15
2025-11-15 00:45:08,70.3,664.41,1099.83
2025-11-15 00:45:08,70.3,690.86,1147.15
2025-11-15 00:45:08,70.3,690.86,1147.15
2025-11-15 00:45:08,70.3,690.86,1147.15
2025-11-15 00:45:08,70.3,690.86,1147.15
2025-11-15 00:45:08,70.3,690.86,1147.15
2025-11-15 00:45:08,70.3,677.58,1106.38
2025-11-15 00:45:08,70.3,654.86,1064.42
2025-11-15 00:45:08,70.3,689.94,1146.84
2025-11-15 00:45:08,70.3,691.9,1153.87
2025-11-15 00:45:08,70.3,687.9,1148.03
